{"stats":{"minecraft:custom":{"minecraft:jump":341,"minecraft:time_since_rest":74886,"minecraft:damage_taken":440,"minecraft:walk_one_cm":18982,"minecraft:damage_dealt":49,"minecraft:crouch_one_cm":572,"minecraft:leave_game":3,"minecraft:sprint_one_cm":33488,"minecraft:play_time":103649,"minecraft:time_since_death":74862,"minecraft:walk_on_water_one_cm":265,"minecraft:deaths":1,"minecraft:sneak_time":225,"minecraft:total_world_time":103649,"minecraft:walk_under_water_one_cm":618,"minecraft:swim_one_cm":111,"minecraft:fall_one_cm":5495,"minecraft:fly_one_cm":117020},"minecraft:picked_up":{"minecraft:stripped_jungle_wood":1},"minecraft:used":{"minecraft:sand":6,"minecraft:stripped_jungle_wood":134}},"DataVersion":3839}